ID,POSITION,NAME,ALLIANCE,POWER,HIGHEST_POWER,KP,DEATHS,RSS_ASSIST,T4_KILLS,T5_KILLS,TIMESTAMP
153836735,1,ᵀᴱAlfyx,[1/TE] Twilight Errant,315.81M,330.63M,1.642B,16.481M,47.648B,125.26M,17.995M,2023-09-22 18:28:04.729098
4852411,2,ᵀᴱ Bank,[TE/1]K31 Farm Alliance,85.138M,101.58M,3.8828B,18.006M,8.7651B,-1,-1,2023-09-22 18:28:12.959509
147494688,3,ᴼᴹ Tya,[OM/1J)OGAH MUNDURR,68.491M,70.016M,118.13M,1.5206M,271.89M,9.605M,977.07K,2023-09-22 18:28:20.985023
76618024,4,Arthur XV,[JH31] JANDA HUNTER XV,62.622M,69.635M,769M,6.852M,55.084B,52.81M,9.6056M,2023-09-22 18:28:29.097514
21653214,5,ᵀᴱAńuBÎs㋳,[1/TE] Twilight Errant,62.557M,78.624M,2.2096B,15.751M,19.322B,118.24M,47.833M,2023-09-22 18:28:37.203798
10064802,6,IIMHMT2,[1/TE] Twilight Errant,62.249M,92.739M,4.9498B,22.055M,23.992B,256.92M,116.96M,2023-09-22 18:28:45.243897
23617798,7,ᵀᴱ FaĆa,[1/TE] Twilight Errant,62.138M,87.909M,1.6224B,22.217M,6.0655B,100.6M,26.934M,2023-09-22 18:28:53.202840
1208539,8,么Mentalistic,[1/TE] Twilight Errant,61.985M,72.113M,2.39B,23.751M,19.026B,142.74M,42.649M,2023-09-22 18:29:01.217386
128464126,9,ᵀᴱ NVT DPM,[1/TE] Twilight Errant,61.952M,63.593M,602.22M,2.6737M,832.39M,36.554M,11.292M,2023-09-22 18:29:09.334918
43752815,10,义Sir Alaa2义,[1/TE] Twilight Errant,61.354M,88.108M,1.6281B,17.925M,7.1143B,67.323M,46.227M,2023-09-22 18:29:17.639312
5013459,11,Lady 공주ʚĩɞ,[1/TE] Twilight Errant,60.776M,80.492M,3.7479B,20.671M,19.624B,234.55M,66.917M,2023-09-22 18:29:25.758924
110544014,12,ᵀᴱBZRP,[1/TE] Twilight Errant,60.29M,75.822M,710.81M,4.612M,1.6436B,41.962M,14.11M,2023-09-22 18:29:33.755821
153823208,13,Kremitdforg,[JH31] JANDA HUNTER XV,59.966M,62.492M,140.81M,1.7844M,236.99M,11.192M,1.2764M,2023-09-22 18:29:41.653101
72978238,14,ᵀᴱ Hieu f2p,[1/TE] Twilight Errant,59.283M,67.909M,1.9831B,18.942M,5.9789B,105.73M,44.738M,2023-09-22 18:29:49.569482
125634624,15,Ф KHATHUHAI Ф,[1/TE] Twilight Errant,59.135M,65.82M,1.4197B,6.314M,1.9438B,101.76M,17.429M,2023-09-22 18:29:57.604708
68694285,16,ᵀᴱdeaveman,[1/TE] Twilight Errant,58.642M,69.148M,414.91M,15.269M,374.44M,26.382M,6.3701M,2023-09-22 18:30:05.628397
65225685,17,ᵀᴱJehovany,[1/TE] Twilight Errant,57.94M,70.891M,828.21M,9.4671M,1.7077B,57.939M,11.899M,2023-09-22 18:30:13.669184
52696557,18,ᵀᴱNoChance,[TE/1]K31 Farm Alliance,57.859M,77.444M,1.1057B,11.006M,3.2357B,72.468M,16.561M,2023-09-22 18:30:21.708447
58058044,19,ᵀᴱ DukeMigz,[OM/1J)OGAH MUNDURR,57.406M,85.222M,2.3927B,11.203M,18.306B,167.49M,30.86M,2023-09-22 18:30:29.725396
41885448,20,K V H,[1/TE] Twilight Errant,57.29M,73.64M,605.58M,6.9617M,3.3154B,35.489M,10.515M,2023-09-22 18:30:37.680074
106308292,21,ᵀᴱ smile,[TE/1]K31 Farm Alliance,55.786M,59.533M,235.82M,4.668M,2.1473B,14.022M,4.5892M,2023-09-22 18:30:45.625384
109032862,22,ᴼᵐShanksヅ,[OM/1J)OGAH MUNDURR,55.486M,60.836M,750.2M,6.3824M,8.074B,56.907M,8.2595M,2023-09-22 18:30:53.453131
147724962,23,ᶻᵉPopeye,[31WS]Whisky & Soda,55.296M,60.001M,30.086M,1.7119M,319.71M,22.82M,1.9967M,2023-09-22 18:31:01.306569
97192085,24,ᵀᴱ Papi 㐅,[1/TE] Twilight Errant,55.03M,58.673M,763.25M,4.9335M,5.4077B,57.76M,7.5118M,2023-09-22 18:31:09.175713
71056110,25,Rendezvöus,[OM/1J)OGAH MUNDURR,54.872M,64.274M,347.33M,14.089M,14.323B,22.543M,4.9253M,2023-09-22 18:31:17.166429
59538032,26,Noᴍᴇʀᴄʏ,[OM/1J)OGAH MUNDURR,54.747M,72.158M,301.4M,8.5866M,4.2157B,16.664M,6.1701M,2023-09-22 18:31:25.082406
121314402,27,ᵀᴱ МİRKAN,[TE/1]K31 Farm Alliance,54.408M,60.072M,145.12M,5.1316M,120.23M,9.0993M,1.3895M,2023-09-22 18:31:33.001386
153748321,28,ᴼᵐFlovey,[OM/1J)OGAH MUNDURR,53.399M,54.065M,663.3M,2.0871M,492.56M,54.521M,5.0733M,2023-09-22 18:31:41.003987
129315599,29,ᵀᴱ Mattos,[1/TE] Twilight Errant,52.742M,57.879M,1.025B,5.6375M,4.3966B,72.175M,13.332M,2023-09-22 18:31:48.935298
146515802,30,SrPerxita,[1/TE] Twilight Errant,52.024M,57.309M,426.16M,3.0014M,3.6575B,32.296M,2.9728M,2023-09-22 18:31:56.893589
126812282,31,ᵀᴱ Mr Báo,[1/TE] Twilight Errant,48.986M,48.986M,486.61M,5.3998M,2.6055B,35.521M,4.1223M,2023-09-22 18:32:04.829431
123432042,32,Sea in Weedaa,[1/TE] Twilight Errant,47.889M,48.161M,929.45M,6.2899M,4.2909B,66.512M,8.7806M,2023-09-22 18:32:12.770056
147705376,33,ᶻᵉRayard91,[31WS]Whisky & Soda,47.019M,47.019M,137.76M,1.0153M,160.28M,11.842M,580.66K,2023-09-22 18:32:20.702363
147686316,34,ʷˢ Potato,[31WS]Whisky & Soda,46.332M,46.43M,401.93M,1.1561M,54.736M,36.294M,679.2K,2023-09-22 18:32:28.754876
114263492,35,ᵀᴱ cafe24h,[1/TE] Twilight Errant,45.386M,50.152M,447.73M,8.3025M,1.3635B,26.232M,8.8461M,2023-09-22 18:32:36.613695
147612752,36,The Doctor90,[31WS]Whisky & Soda,44.776M,44.776M,89.089M,826.43K,125.75M,7.4518M,617.7K,2023-09-22 18:32:44.495963
93934189,37,Ritch mahal ko,[TE/1]K31 Farm Alliance,44.477M,44.477M,155.81M,4.6309M,648.73M,9.9819M,2.2942M,2023-09-22 18:32:52.379638
145383896,38,ᵏˢ Taduke,[1/TE] Twilight Errant,44.363M,44.464M,274.71M,2.1039M,211.64M,22.195M,1.7376M,2023-09-22 18:33:00.248511
45520400,39,KragerAtTwitch,[TE/1]K31 Farm Alliance,44.345M,48.118M,211.28M,10.934M,6.5647B,8.4437M,6.2437M,2023-09-22 18:33:08.117985
119696394,40,Wujaaaa,[OM/1J)OGAH MUNDURR,4.4073M,44.074M,104.84M,4.9166M,104.26M,6.5274M,1.8267M,2023-09-22 18:33:16.170973
134727068,41,ᵀᴱ Rambo,[1/TE] Twilight Errant,43.719M,48.989M,596.39M,6.0136M,834.35M,40.153M,7.469M,2023-09-22 18:33:24.114959
145222449,42,ʷˢ Lakouss,[31WS]Whisky & Soda,43.495M,43.495M,114.45M,683.74K,595.88M,8.8356M,1.095M,2023-09-22 18:33:32.023185
136243598,43,ᵀᴱ Maple,[1/TE] Twilight Errant,43.172M,46.828M,319.69M,3.8239M,2.0022B,22.061M,4.0246M,2023-09-22 18:33:39.905392
134324785,44,Venom Groot,[31WS]Whisky & Soda,42.496M,47.569M,64.986M,2.3071M,119.21M,4.7051M,795.96K,2023-09-22 18:33:47.785117
146133392,45,ᵀᴱYiğit,[OM/1J)OGAH MUNDURR,40.809M,40.81M,205.71M,2.9576M,1.1271B,15.278M,1.7364M,2023-09-22 18:33:55.655873
147955047,46,La Linea,[31WS]Whisky & Soda,40.704M,40.704M,18.102M,249.4K,24.249M,1.5464M,73.713K,2023-09-22 18:34:03.535437
145217939,47,ʷˢGuillaume,[31WS]Whisky & Soda,40.218M,40.218M,92.411M,1.6574M,40.621M,6.8413M,724.1K,2023-09-22 18:34:11.425555
150936241,48,ᴹᴾGoransson,[31WS]Whisky & Soda,40.06M,40.068M,37.96M,413.74K,443.54M,2.5163M,496.27K,2023-09-22 18:34:19.403713
119524703,49,Mrs LoVett,[31WS]Whisky & Soda,39.895M,43.016M,280.41M,4.9063M,1.3813B,19.416M,3.4186M,2023-09-22 18:34:27.398677
150768637,50,ʷˢViTAMiN,[31WS]Whisky & Soda,38.912M,38.912M,144M,710.25K,1.4863B,11.494M,1.2839M,2023-09-22 18:34:35.377264
153170974,51,MongolXXX,[TE/1]K31 Farm Alliance,38.724M,39.072M,151.37M,732.48K,36.373M,12.465M,1.0133M,2023-09-22 18:34:43.314053
153120638,52,ᴼᴹTrajan,[OM/1J)OGAH MUNDURR,38.564M,38.564M,106.95M,2.7516M,592.98M,8.5521M,976.45K,2023-09-22 18:34:51.223207
146727364,53,RAVAGe,[TE/1]K31 Farm Alliance,38.479M,39.085M,364.15M,1.5203M,643.58M,30.449M,1.4307M,2023-09-22 18:34:59.174961
132914869,54,ᵀᴱ côbảy,[HD~K]Hell Dragon 3131,37.918M,43.666M,193.12M,4.6327M,1.4987B,16.233M,1.1307M,2023-09-22 18:35:07.090920
153062655,55,乂irrelephant,[TE/1]K31 Farm Alliance,36.693M,39.275M,91.249M,1.7561M,224.04M,7.1046M,700.49K,2023-09-22 18:35:15.138453
153870318,56,ᵀᴱMolotofFR,[1/TE] Twilight Errant,36.669M,36.673M,96.443M,1.4006M,339.2M,8.1109M,642.05K,2023-09-22 18:35:23.074064
148357561,57,ᵀᴱklyde,[1/TE] Twilight Errant,36.611M,36.859M,314.6M,2.3446M,132.46M,23.467M,3.4221M,2023-09-22 18:35:30.994109
107920162,58,botoamazonico,[31WS]Whisky & Soda,36.238M,36.242M,16.591M,3.4195M,14.109M,907.14K,201.26K,2023-09-22 18:35:38.917791
148908873,59,ROAC the great,[31WS]Whisky & Soda,36.096M,36.122M,92.525M,628.22K,20.702M,7.6961M,606.46K,2023-09-22 18:35:46.836536
145434888,60,ᵀᴱmbahpacul,[OM/1J)OGAH MUNDURR,35.916M,36.012M,217.18M,1.2816M,2.6909B,16.996M,638.8K,2023-09-22 18:35:54.760692
146504151,61,ᵀᴱ Killua,[1/TE] Twilight Errant,35.725M,35.728M,221.78M,2.1575M,2.0966B,15.721M,1.284M,2023-09-22 18:36:02.659855
151184418,62,ʷˢ Martyr,[31WS]Whisky & Soda,35.587M,35.587M,36.204M,423.05K,4.239M,2.5494M,455.14K,2023-09-22 18:36:10.600610
148646461,63,bluelixr,-,35.301M,35.575M,39.621M,280.96K,102.01M,3.1675M,334.45K,2023-09-22 18:36:18.481065
145380705,64,Quang TX,[OM/1J)OGAH MUNDURR,35.257M,35.257M,39.931M,491.74K,104.44M,2.7678M,487.7K,2023-09-22 18:36:26.435941
146489118,65,ᵏˢメKieferメ,[1/TE] Twilight Errant,35.174M,35.191M,304.62M,1.4556M,1.1693B,22.541M,3.1485M,2023-09-22 18:36:34.277205
146478339,66,ᵀᴱ Killy,[1/TE] Twilight Errant,35.167M,35.173M,99.05M,1.8414M,250.02M,7.9238M,829.77K,2023-09-22 18:36:42.176275
142906125,67,ᵀᴱGia Long,[TE/1]K31 Farm Alliance,35.05M,36.825M,237.57M,1.4445M,33.269M,19.016M,1.7273M,2023-09-22 18:36:50.132709
133036618,68,ᶦˢFrozen,[31WS]Whisky & Soda,34.926M,38.91M,1.2665B,7.1985M,3.9842B,94.692M,4.432M,2023-09-22 18:36:58.057598
146470372,69,BLØODSEEKER,[OM/1J)OGAH MUNDURR,34.692M,34.71M,236.99M,1.7474M,209.84M,18.147M,2.4782M,2023-09-22 18:37:06.006055
147292764,70,ᴶᵀRinaldo,[31WS]Whisky & Soda,34.643M,35.17M,134.11M,1.1236M,4.7175B,11.797M,509.57K,2023-09-22 18:37:13.988100
137717946,71,ᵀᴱSCØRPIØ,[1/TE] Twilight Errant,34.344M,36.278M,218.25M,1.9878M,421.66M,16.713M,2.3903M,2023-09-22 18:37:21.999769
148021447,72,ᵀᴱmasew,[TE/1]K31 Farm Alliance,34.076M,34.076M,189.51M,1.1446M,852.43M,14.813M,1.0786M,2023-09-22 18:37:29.961322
150987751,73,Traven81,-,33.819M,33.819M,13.482M,468.04K,3.6851M,1.1392M,55.65K,2023-09-22 18:37:37.919405
147688583,74,Unus Sed Leo,[31WS]Whisky & Soda,33.831M,34.431M,70.263M,1.2686M,350.63M,5.8744M,441.89K,2023-09-22 18:37:45.852300
145183229,75,ᵀᴱChimƯng,[1/TE] Twilight Errant,33.605M,34.103M,147.2M,2.2979M,33.005M,10.085M,1.8391M,2023-09-22 18:37:53.803314
150365161,76,ʷˢ FokuSmok,[31WS]Whisky & Soda,33.562M,33.562M,70.643M,1.0513M,5.8606M,4.845M,376.74K,2023-09-22 18:38:01.722529
148912035,77,Whitebeard ace,[31WS]Whisky & Soda,33.445M,33.445M,68.716M,1.1028M,108.75M,5.7295M,427.24K,2023-09-22 18:38:09.710928
153063772,78,SniperBarbie,-,33.33M,33.33M,50.088M,618.78K,105.47M,4.1851M,281.5K,2023-09-22 18:38:17.887781
150156415,79,ᵀᴱメShin,[TE/1]K31 Farm Alliance,33.322M,33.327M,429.76M,1.4543M,515.19M,31.113M,998.68K,2023-09-22 18:38:25.852492
150920711,80,ᴳᵇ H,[31WS]Whisky & Soda,33.172M,34.556M,43.764M,779.04K,29.786M,3.2455M,216.45K,2023-09-22 18:38:33.837651
148824756,81,ʷˢNicktroops,[31WS]Whisky & Soda,33.036M,33.041M,66.946M,873.05K,868.62M,5.25M,367.81K,2023-09-22 18:38:41.774226
153064413,82,ᵀᴱAdkel,[OM/1J)OGAH MUNDURR,32.649M,34.653M,209.06M,1.278M,192.15M,14.859M,1.9013M,2023-09-22 18:38:49.690134
150340845,83,Makadenis,[31WS]Whisky & Soda,32.638M,32.638M,25.848M,171.38K,6.16M,1.8929M,326.61K,2023-09-22 18:38:57.660254
153753743,84,ᵀᴱ冷cool,[1/TE] Twilight Errant,32.495M,32.497M,116.26M,1.0841M,150.8M,8.9723M,1.2321M,2023-09-22 18:39:05.603900
145278788,85,seb01sangt,[31WS]Whisky & Soda,32.402M,32.409M,6.2314M,499.54K,54.882M,494.67K,50.747K,2023-09-22 18:39:13.573236
145474458,86,ᵀᴱTIGER,[TE/1]K31 Farm Alliance,32.352M,36.297M,375.18M,1.8103M,822.9M,29.703M,2.7727M,2023-09-22 18:39:21.529232
148671114,87,ᴷᵂZanmage,[31WS]Whisky & Soda,31.969M,33.309M,142.67M,1.3426M,497.02M,11.593M,497.69K,2023-09-22 18:39:29.426545
145500916,88,ᵀᴶ Marna,[1/TE] Twilight Errant,31.949M,31.949M,124.37M,1.2837M,638.31M,8.4083M,1.7592M,2023-09-22 18:39:37.272652
153402134,89,CocoCarott,[OM/1J)OGAH MUNDURR,31.702M,31.702M,106.41M,1.2557M,1.7208B,8.4795M,901.12K,2023-09-22 18:39:45.156794
147786314,90,ᶻᵉBonekamp,[31WS]Whisky & Soda,3.1728M,31.729M,73.211M,1.2263M,37.815M,5.1819M,437.64K,2023-09-22 18:39:53.039318
146828631,91,ʀᴏᴜɢᴇ,[OM/1J)OGAH MUNDURR,31.561M,31.748M,103.69M,1.6942M,471.04M,8.6402M,451.52K,2023-09-22 18:40:00.960867
154281611,92,ᴼᴹ FYNnnn,[OM/1J)OGAH MUNDURR,31.499M,31.499M,124.31M,850.54K,178.3M,10.843M,625.06K,2023-09-22 18:40:08.873997
146827716,93,ᴼᴹ Wz,[OM/1J)OGAH MUNDURR,31.441M,31.441M,67.914M,518.57K,132.13M,3.542M,150.86K,2023-09-22 18:40:16.813504
153658450,94,Hạnh Nguyênn,[TE/1]K31 Farm Alliance,31.36M,31.36M,22.738M,1.7544M,217.04M,19.738M,923.96K,2023-09-22 18:40:24.669702
153794218,95,ᵀᴱ Độ,[1/TE] Twilight Errant,31.354M,32.368M,55.076M,1.518M,15.191M,4.1647M,477.69K,2023-09-22 18:40:32.543728
145931672,96,ᵀᴱ exalted,[1/TE] Twilight Errant,31.325M,31.326M,306.56M,2.1259M,672.49M,24.375M,1.6862M,2023-09-22 18:40:40.409603
153212015,97,ᴼᵐHayhy,[OM/1J)OGAH MUNDURR,31.034M,31.034M,94.977M,1.0752M,13.2M,7.8662M,430.23K,2023-09-22 18:40:48.280744
150630696,98,Ф Red Ф,[31WS]Whisky & Soda,30.962M,30.962M,23.1M,277.45K,37.162M,1.7081M,37.868K,2023-09-22 18:40:56.126959
145664378,99,ᴳᵇ Kazakh,[OM/1J)OGAH MUNDURR,30.789M,31.406M,45.792M,1.9929M,172.2M,2.598M,334.16K,2023-09-22 18:41:03.978477
147797903,100,ᴼᵐKing Hunt,[TE/1]K31 Farm Alliance,30.775M,31.863M,163.66M,1.8538M,2.9126B,12.031M,586.39K,2023-09-22 18:41:11.914058
153444161,101,ᵀᴱFeanor,[TE/1]K31 Farm Alliance,30.71M,30.711M,22.771M,628.71K,0,1.5629M,289.56K,2023-09-22 18:41:19.868753
153512273,102,ᵀᴱ Emma,[1/TE] Twilight Errant,30.593M,30.594M,30.248M,1.7433M,406.49M,25.775M,1.1878M,2023-09-22 18:41:27.869851
153068178,103,33 Poseidon 33,[31/P]Peace Rulers,30.559M,30.559M,7.9399M,187.43K,0,395.83K,27.442K,2023-09-22 18:41:35.876718
146791976,104,ᴼᵐKill,[OM/1J)OGAH MUNDURR,30.531M,30.531M,233.69M,1.0797M,155.52M,18.252M,745.64K,2023-09-22 18:41:43.883147
150312801,105,ᵍᵇ P,[31WS]Whisky & Soda,30.471M,30.471M,25.049M,159.33K,198.88M,1.8643M,115.57K,2023-09-22 18:41:51.875432
147655834,106,Deliverance,[31WS]Whisky & Soda,30.469M,31.372M,77.607M,1.3777M,60.216M,6.2734M,327.27K,2023-09-22 18:41:59.860276
145846699,107,ᵀᴱAah,[1/TE] Twilight Errant,30.319M,31.355M,427.84M,2.6188M,738.82M,34.028M,2.1796M,2023-09-22 18:42:07.888204
145509893,108,Ба乂 亗,[OM/1J)OGAH MUNDURR,30.303M,30.329M,128.14M,1.827M,1.6791B,8.6355M,586.07K,2023-09-22 18:42:15.950617
150673323,109,Geøø,[31Gp]GOLDEN PHOENIX,30.268M,30.268M,64.259M,1.0137M,193.29M,4.7448M,367.84K,2023-09-22 18:42:23.990005
153834453,110,ᵀ黑老大ᴱ,[OM/1J)OGAH MUNDURR,30.266M,30.266M,37.596M,411.09K,278.81M,2.9587M,350.97K,2023-09-22 18:42:32.037053
147764296,111,ɢᴏᴇɴᴛ,[31WS]Whisky & Soda,30.201M,30.201M,33.277M,676.06K,99.64M,2.8458M,103.02K,2023-09-22 18:42:40.038344
146260904,112,ᵀᴱ Ivar,[OM/1J)OGAH MUNDURR,30.117M,31.456M,43.612M,1.5803M,627.23M,3.0939M,364.24K,2023-09-22 18:42:48.056598
147692426,113,ᶻᵉ Sarawr,-,30.071M,30.583M,78.182M,1.6033M,803.34M,5.9263M,521.62K,2023-09-22 18:42:56.065677
150393095,114,ᴳᵇ   M,[31WS]Whisky & Soda,30.07M,30.075M,13.137M,170.65K,10.104M,1.0288M,70.857K,2023-09-22 18:43:04.044299
153777690,115,MagicWillyChen,[31WS]Whisky & Soda,30.062M,30.062M,6.8076M,61.315K,0,570.72K,29.703K,2023-09-22 18:43:12.058880
151185639,116,ʷˢ ʒupi,[31WS]Whisky & Soda,29.887M,29.895M,21.354M,693.24K,60.663M,1.6267M,145.38K,2023-09-22 18:43:20.001660
153442251,117,ᵀᴱLTP,[1/HV]Hell's wolves,29.871M,34.924M,136.79M,1.4498M,47.367M,10.851M,397.69K,2023-09-22 18:43:27.893552
145311443,118,ᵀᴱZegion,[TE/1]K31 Farm Alliance,29.728M,32.231M,112.05M,2.2476M,71.485M,7.9987M,1.25M,2023-09-22 18:43:35.788662
145379801,119,ᵀᴱMr Hổ,[1/TE] Twilight Errant,29.679M,29.69M,73.52M,1.784M,1.4452B,5.3864M,584.76K,2023-09-22 18:43:43.690310
148983243,120,world04,[31WS]Whisky & Soda,29.644M,29.644M,88.717M,1.0655M,74.59M,7.3103M,553.09K,2023-09-22 18:43:51.586972
153453009,121,ᴼᵐKojiii,[OM/1J)OGAH MUNDURR,29.622M,29.622M,107.49M,1.0475M,171.24M,8.5037M,862.54K,2023-09-22 18:43:59.477548
148639257,122,Cypherist,[31WS]Whisky & Soda,2.9482M,30.068M,13.049M,971K,26.047M,1.0806M,81.19K,2023-09-22 18:44:07.376271
145193499,123,ᵀᴱᵀᴱx,[1/TE] Twilight Errant,29.281M,31.06M,145.14M,1.6752M,1.117B,10.989M,676.39K,2023-09-22 18:44:15.277064
151139046,124,Nación Akachan,[31WS]Whisky & Soda,29.28M,29.28M,22.937M,352.83K,21.147M,1.7693M,240.22K,2023-09-22 18:44:23.183522
148884538,125,ʷˢDamsorrr,[31WS]Whisky & Soda,29.162M,29.172M,36.039M,587.1K,80.733M,2.4628M,455.53K,2023-09-22 18:44:31.044493
145733396,126,ᵀᴱ Long,[1/TE] Twilight Errant,29.157M,29.786M,123.58M,2.4541M,61.136M,9.8196M,1.1245M,2023-09-22 18:44:38.875614
133447742,127,ᴼᴹ Héo úa,-,29.101M,33.047M,71.191M,2.0281M,416.83M,6.0208M,96.248K,2023-09-22 18:44:46.780189
147671009,128,ᶻᵉPixie,[31WS]Whisky & Soda,29.099M,29.618M,63.693M,1.2462M,373.61M,4.8755M,599.08K,2023-09-22 18:44:54.624908
153726841,129,ᴼᵐGecho23,[OM/1J)OGAH MUNDURR,29.073M,29.074M,78.716M,1.1422M,900.91M,6.3282M,673.55K,2023-09-22 18:45:02.502053
148702828,130,brayan alva,[31WS]Whisky & Soda,29.056M,29.06M,29.519M,170.43K,64M,2.1394M,37.848K,2023-09-22 18:45:10.347986
147674965,131,ᶻᵉ wisey,[31WS]Whisky & Soda,29.046M,29.279M,43.976M,1.2147M,118.64M,3.593M,150.1K,2023-09-22 18:45:18.379605
146771051,132,ᴼᵐAybeee,[OM/1J)OGAH MUNDURR,29.019M,29.022M,114.67M,826.53K,254.07M,8.8276M,580.8K,2023-09-22 18:45:26.328101
147711559,133,ᶻᵉLouis,-,29.015M,29.316M,107.28M,999.6K,54.633M,8.7123M,669.1K,2023-09-22 18:45:34.212055
151177308,134,ちゃあ,[31WS]Whisky & Soda,28.996M,28.996M,18.565M,817.16K,151M,1.3182M,107.36K,2023-09-22 18:45:42.099750
151238052,135,ᴳᵇOhga,[31WS]Whisky & Soda,28.902M,28.902M,1.5519M,14.37K,0,126.99K,0,2023-09-22 18:45:50.015678
147703092,136,ᶻᵉCaracas,[31WS]Whisky & Soda,28.884M,29.636M,41.683M,1.3019M,40.03M,3.3976M,267.48K,2023-09-22 18:45:57.910793
153065083,137,ᵀᴱMachine,[1/TE] Twilight Errant,28.881M,28.881M,43.117M,1.5927M,10M,3.1766M,483.09K,2023-09-22 18:46:05.850108
147705182,138,ᶻᵉ Puchi,[31WS]Whisky & Soda,28.872M,28.945M,48.251M,766.14K,30.683M,3.9423M,356.1K,2023-09-22 18:46:13.868187
151092910,139,Al3xPortugal,[31WS]Whisky & Soda,28.802M,28.804M,25.989M,635.46K,5M,1.7566M,392.83K,2023-09-22 18:46:21.819451
153237820,140,ᵀᴱMonjaro,-,28.78M,28.78M,38.845M,380.58K,17.074M,2.6393M,143.78K,2023-09-22 18:46:29.718285
145199026,141,Viking07200,[31WS]Whisky & Soda,28.71M,28.721M,3.1699M,97.323K,1.4555M,291.26K,6.818K,2023-09-22 18:46:37.658383
148280305,142,Little ant,[31WS]Whisky & Soda,28.506M,28.508M,31.036M,236.98K,29M,2.2517M,373.61K,2023-09-22 18:46:45.566688
147783278,143,ᴼᴹSudirman,[OM/1J)OGAH MUNDURR,28.453M,28.453M,31.414M,391.15K,49.343M,2.4444M,279.93K,2023-09-22 18:46:53.515923
153772676,144,ᵀᴱ TùGnNè,[1/TE] Twilight Errant,28.45M,28.452M,107.25M,1.5502M,134.34M,7.6848M,860.02K,2023-09-22 18:47:01.436864
153581603,145,Brakraa,[31WS]Whisky & Soda,28.413M,28.413M,20.567M,344.09K,4.1651M,1.7724M,69.04K,2023-09-22 18:47:09.386484
150949512,146,ʷˢムntエツ,[31WS]Whisky & Soda,28.37M,28.384M,59.472M,1.1844M,139.23M,4.65M,278.09K,2023-09-22 18:47:17.318624
151239271,147,ʷˢAlexᵇʸツ,[31WS]Whisky & Soda,28.283M,28.294M,52.097M,977.64K,152.52M,3.3466M,149.77K,2023-09-22 18:47:25.236851
153191024,148,๓؎q؎hєى㋡,[1/TE] Twilight Errant,28.242M,28.245M,67.177M,1.955M,0,4.8638M,663.37K,2023-09-22 18:47:33.222810
153332585,149,E҉L҉A҉N҉G,[TE/1]K31 Farm Alliance,28.204M,28.204M,81.201M,809.53K,6.9202M,6.5431M,602.2K,2023-09-22 18:47:41.103621
147394675,150,ᵀᴱ ChronoZ㋳,[OM/1J)OGAH MUNDURR,28.169M,31.43M,117.44M,3.6459M,439.95M,9.1954M,264.42K,2023-09-22 18:47:49.088376
147668144,151,ᶻᵉMoon,[31WS]Whisky & Soda,28.157M,28.157M,35.608M,503.02K,210.96M,2.7411M,243.07K,2023-09-22 18:47:56.972046
151057279,152,ʷˢ Kツ,[31WS]Whisky & Soda,28.139M,28.139M,236.26M,2.6371M,417.32M,19.389M,1.2069M,2023-09-22 18:48:04.890047
151123677,153,ᴳᵇTrinity,[31Gp]GOLDEN PHOENIX,28.136M,28.141M,101.89M,682.95K,150.35M,8.4153M,404.51K,2023-09-22 18:48:12.850777
153415907,154,ᴼᴹMiracle,[OM/1J)OGAH MUNDURR,28.08M,28.193M,97.869M,1.7854M,563.72M,8.1645M,486.67K,2023-09-22 18:48:20.759812
152975039,155,Dipota eh,-,28.051M,32.034M,191.31M,2.0354M,85.872M,16.487M,917.42K,2023-09-22 18:48:28.640399
145426027,156,ᴺᴼᵀVôTri,[OM/1J)OGAH MUNDURR,28.051M,28.051M,62.073M,1.6714M,178.38M,3.8943M,1.088M,2023-09-22 18:48:36.500006
-1,157,Inactive Player,Inactive Player,0,0,0,0,0,0,0,2023-09-22 18:48:44.404060
153242155,158,ᵀᴱMankichiツ,[OM/1J)OGAH MUNDURR,27.936M,27.936M,113.67M,1.1885M,1.548M,8.3169M,860.23K,2023-09-22 18:48:45.787199
150237338,159,ᴳᵇ Iguana,[31WS]Whisky & Soda,27.743M,27.743M,82.844M,626.06K,50.488M,7.1835M,486.56K,2023-09-22 18:48:53.799256
145313694,160,乂I m Sorry乂,[OM/1J)OGAH MUNDURR,27.713M,28.196M,482.12M,3.42M,2.4714B,39.243M,3.4695M,2023-09-22 18:49:01.713676
153739110,161,LimBanSoek,[4LONJALON ALON,27.587M,30.924M,133.45M,1.4961M,18.494M,10.893M,915.63K,2023-09-22 18:49:09.813429
115251624,162,亗SANDOVAL亗,[OM/1J)OGAH MUNDURR,27.504M,30.925M,24.812M,2.9332M,1.1851B,1.5812M,338.04K,2023-09-22 18:49:17.932367
151146853,163,Snùff,[31WS]Whisky & Soda,27.487M,27.624M,45.428M,233.76K,101.19M,3.9164M,281.55K,2023-09-22 18:49:25.943641
153200286,164,ᴼᵐBLINKSTN,[OM/1J)OGAH MUNDURR,27.48M,27.73M,72.16M,726.11K,4.4M,5.2658M,731.04K,2023-09-22 18:49:33.819133
145663656,165,ʊʀEvil sky,[OKAP]2 met,27.388M,27.397M,120.39M,1.6432M,260.04M,8.9231M,972.98K,2023-09-22 18:49:41.693738
145369488,166,ᵀᴱEarth,[AIF&]Hell's wolves,27.273M,27.273M,73.362M,1.3162M,513.54M,5.2389M,211.86K,2023-09-22 18:49:49.620512
140780709,167,ᵀᴱQuang,[1/TE] Twilight Errant,27.253M,27.253M,200.18M,2.4212M,623.02M,13.732M,1.1759M,2023-09-22 18:49:57.545041
146473478,168,ᴹᴳHand,[OM/1J)OGAH MUNDURR,2.7204M,28.086M,54.604M,1.3128M,2.6844M,3.9762M,375.36K,2023-09-22 18:50:05.479793
149710423,169,ᵀᴱ Мот,[1/TE] Twilight Errant,27.18M,27.334M,147.23M,2.013M,710.14M,11.682M,973.08K,2023-09-22 18:50:13.403810
148937485,170,Satan627,[31WS]Whisky & Soda,27.114M,27.114M,31.711M,541.48K,44.119M,2.7535M,168.15K,2023-09-22 18:50:21.278045
153343857,171,ᴼᵐAska,[OM/1J)OGAH MUNDURR,27.038M,27.05M,135.83M,1.1512M,50.723M,10.464M,561.29K,2023-09-22 18:50:29.177458
150219718,172,ˢᵍWisey95,[31WS]Whisky & Soda,27.012M,27.013M,35.5M,839.15K,92.34M,2.9875M,228.86K,2023-09-22 18:50:37.032498
145307332,173,ᵀᴱ Ötzi,[TE/1]K31 Farm Alliance,26.898M,27.196M,128.31M,1.9725M,27.095M,8.7668M,1.6455M,2023-09-22 18:50:44.914395
151216582,174,ʷˢl0renz0p,[31WS]Whisky & Soda,26.878M,26.878M,17.731M,146.02K,65.632M,1.4354M,91.663K,2023-09-22 18:50:52.786867
153810775,175,CuongC,[OM/1J)OGAH MUNDURR,26.852M,26.852M,90.141M,560.55K,0,6.808M,988.55K,2023-09-22 18:51:00.644390
146469847,176,ᵀᴱL1ght,[OM/1J)OGAH MUNDURR,26.845M,28.576M,209.05M,2.5576M,1.0075B,14.462M,1.1424M,2023-09-22 18:51:08.497748
153058186,177,MACTAViSH,[31WS]Whisky & Soda,26.719M,26.719M,5.126M,695.26K,0,264.29K,87.012K,2023-09-22 18:51:16.486524
150320645,178,Nordi2,[31WS]Whisky & Soda,26.69M,30.695M,37.815M,1.7324M,347.52M,2.275M,67.326K,2023-09-22 18:51:24.364078
148622452,179,YARRRshin,[31WS]Whisky & Soda,26.607M,26.607M,16.805M,378.12K,23.608M,1.3028M,104.02K,2023-09-22 18:51:32.222310
147613961,180,ᴱᴳ Tizzil,[31WS]Whisky & Soda,26.537M,26.537M,16.725M,1.5029M,36.504M,1.4117M,34.649K,2023-09-22 18:51:40.086048
152977408,181,ᵀᴱACE,[1/TE] Twilight Errant,26.521M,27.399M,173.21M,1.8511M,231.01M,13.031M,1.4756M,2023-09-22 18:51:47.968405
151203118,182,ᴳᵇGiovixTV,[31WS]Whisky & Soda,26.503M,32.306M,37.102M,2.4147M,65.234M,2.1787M,35.549K,2023-09-22 18:51:55.834292
152965852,183,ᵀᴱBen XT,[31WS]Whisky & Soda,26.492M,26.665M,82.242M,632.92K,52.169M,5.5781M,452.8K,2023-09-22 18:52:03.672180
151360006,184,ᴼᵐRes,[OM/1J)OGAH MUNDURR,26.425M,26.425M,39.205M,841.16K,966.75M,2.9627M,437.68K,2023-09-22 18:52:11.541824
151201532,185,Kalin7,[31WS]Whisky & Soda,26.305M,26.317M,42.698M,399.16K,11.6M,3.1014M,319.17K,2023-09-22 18:52:19.426990
148696674,186,Yar4,[31WS]Whisky & Soda,26.193M,26.363M,81.288M,1.4034M,1.3375M,6.2583M,825.21K,2023-09-22 18:52:27.339352
-1,187,Inactive Player,Inactive Player,0,0,0,0,0,0,0,2023-09-22 18:52:35.239082
154291041,188,ᵀᴱAnUBiS,[OM/1J)OGAH MUNDURR,25.973M,25.973M,14.721M,526.57K,118M,1.0808M,76.634K,2023-09-22 18:52:36.589716
153384915,189,Kak Seto,[31WS]Whisky & Soda,25.939M,25.939M,32.063M,295.64K,0,2.8423M,140.5K,2023-09-22 18:52:44.513635
146828121,190,already zeroed,-,25.915M,26.188M,66.098M,948.67K,319.81M,5.304M,304.11K,2023-09-22 18:52:52.426083
153415389,191,Pak Radens,-,25.891M,30.123M,78.472M,1.4172M,1.8M,6.3133M,625.35K,2023-09-22 18:53:00.322241
151227977,192,DFFA彡,[1/TE] Twilight Errant,25.823M,25.825M,124.77M,2.3542M,54.335M,9.9245M,843.43K,2023-09-22 18:53:08.211848
153844807,193,Pí cà chu,[OM/E]familyOM~,25.734M,25.739M,99.001M,1.1095M,336.34M,6.9143M,1.1315M,2023-09-22 18:53:16.143855
149361157,194,ᴼᵐZwaxsa,[JH31] JANDA HUNTER XV,25.734M,25.734M,83.819M,985.68K,2.0199B,6.444M,659.13K,2023-09-22 18:53:23.997066
153284099,195,ᵀᴱGawrShark,[OM/1J)OGAH MUNDURR,25.685M,25.685M,46.593M,583.05K,14.344M,2.7989M,384.14K,2023-09-22 18:53:31.892729
151151858,196,ʷˢ NoobMIT,[31WS]Whisky & Soda,25.681M,25.681M,22.684M,711.61K,264.98M,1.3536M,245.3K,2023-09-22 18:53:39.783094
147627931,197,ᶻᵉREDW3020,[31WS]Whisky & Soda,25.716M,25.716M,12.384M,324.14K,5.4283M,890.56K,160.41K,2023-09-22 18:53:47.669941
153782672,198,The Joker89,[GV31]GLORIOS VICTORY,25.571M,25.572M,10.123M,199.03K,0,782.91K,110.4K,2023-09-22 18:53:55.529830
-1,199,Inactive Player,Inactive Player,0,0,0,0,0,0,0,2023-09-22 18:54:03.406974
151280863,200,ᴿᴷMikeツ,[OM/1J)OGAH MUNDURR,25.555M,25.555M,87.979M,1.2702M,146.79M,6.0145M,1.0857M,2023-09-22 18:54:04.771745
149831176,201,ᵀᴱitsme๛M,[TE/1]K31 Farm Alliance,25.531M,26.519M,73.19M,1.7608M,1.0239B,6.3067M,281.67K,2023-09-22 18:54:12.740915
153068388,202,ᵀᴱ YuYu,[31WS]Whisky & Soda,25.517M,26.359M,15.751M,797.16K,226.92M,932.39K,292.66K,2023-09-22 18:54:20.734898
147358260,203,亗 Gatopelon,-,25.502M,27.106M,86.235M,1.6754M,340.84M,6.4371M,822.25K,2023-09-22 18:54:28.701029
153922198,204,Mighty tempest,[TE/1]K31 Farm Alliance,25.497M,25.498M,127.9M,941.11K,731.3M,10.392M,843.82K,2023-09-22 18:54:36.697819
148420543,205,ᴼᵐ Sĩlĩw,[OM/1J)OGAH MUNDURR,25.47M,25.47M,121.38M,1.4402M,219.8M,9.5254M,944.36K,2023-09-22 18:54:44.687047
145717778,206,Mamank 乄 31,[OM/1J)OGAH MUNDURR,25.442M,25.94M,102.58M,2.8897M,230.54M,7.1362M,702.18K,2023-09-22 18:54:52.666940
153401189,207,ᵀᴱ Nhím,-,25.37M,31.429M,81.157M,2.3448M,248.9M,6.5395M,186.9K,2023-09-22 18:55:00.673014
153739962,208,ANSHAN,[LP/1)legion of Phoenix,25.253M,25.259M,3.3684M,980.23K,34.52M,257.03K,4.445K,2023-09-22 18:55:08.608375
153780223,209,Thương1994,[4/TE]NAZARIT XXX,25.195M,25.195M,38.239M,899.76K,631.75M,2.6505M,298.98K,2023-09-22 18:55:16.603222
153363673,210,ᵀᴱGàRừng,[TE/1]K31 Farm Alliance,25.168M,25.168M,105.93M,1.1312M,9.6M,8.1852M,1.1685M,2023-09-22 18:55:24.525052
153791027,211,TidurSiang,[LP/1)legion of Phoenix,25.161M,25.161M,49.489M,597.86K,275.2M,3.3933M,343.26K,2023-09-22 18:55:32.417059
153148677,212,ᴼᴹZakuu,[OM/1J)OGAH MUNDURR,25.125M,25.281M,174.47M,1.051M,204.69M,13.7M,682.94K,2023-09-22 18:55:40.335152
148645696,213,Cileupeung,[JH31] JANDA HUNTER XV,25.116M,25.116M,36.192M,1.3992M,150.72M,2.4038M,361.82K,2023-09-22 18:55:48.210260
150867084,214,ᴳᴾLontrikus,[31WS]Whisky & Soda,25.096M,25.099M,42.732M,422.46K,222.08M,3.2713M,62.05K,2023-09-22 18:55:56.120127
153840916,215,ᵀᴱ kiemle,[TE/1]K31 Farm Alliance,25.02M,25.02M,92.484M,1.2624M,190.4M,6.701M,621.48K,2023-09-22 18:56:04.036528
153779604,216,17 Thái Bình,[OM/1J)OGAH MUNDURR,24.954M,24.954M,29.407M,995.44K,0,1.8449M,319.11K,2023-09-22 18:56:11.896278
153690235,217,ᴼᵐkhoceng,[OM/1J)OGAH MUNDURR,24.953M,24.953M,97.122M,1.1137M,397.29M,7.3907M,578.91K,2023-09-22 18:56:19.766381
151208703,218,MCDaredo,[31WS]Whisky & Soda,24.905M,24.907M,20.568M,428.26K,74.672M,1.4579M,111.28K,2023-09-22 18:56:27.627356
153778184,219,ᵀᴱ Chin Su,[1/TE] Twilight Errant,24.892M,24.892M,120.15M,1.3258M,437.73M,9.2644M,1.209M,2023-09-22 18:56:35.504491
146690105,220,ᴼᴹ goelt,[JH31] JANDA HUNTER XV,2.489M,24.922M,11.463M,487.45K,5.7288M,796.99K,144.54K,2023-09-22 18:56:43.403744
145375164,221,ᴼᵐTĭểuLa,[OM/1J)OGAH MUNDURR,24.87M,24.87M,15.907M,1.1844M,244.46M,1.1846M,114.56K,2023-09-22 18:56:51.269827
152565308,222,TDD ㋡,[1/TE] Twilight Errant,24.843M,25.048M,95.218M,1.6204M,985.18M,5.8845M,396.07K,2023-09-22 18:56:59.139853
153742647,223,Beast Watcher,[31WS]Whisky & Soda,24.839M,24.877M,68.975M,729.06K,52M,5.5636M,441.64K,2023-09-22 18:57:07.006375
153735229,224,ᴼᵐ Max,[31WS]Whisky & Soda,24.814M,24.814M,28.698M,574.87K,0,2.1803M,232.3K,2023-09-22 18:57:15.028680
148181060,225,ᴼᵐE tv,[OM/1J)OGAH MUNDURR,24.814M,24.819M,77.493M,1.2419M,296.95M,5.875M,860.2K,2023-09-22 18:57:22.989948
153281508,226,ᴼᵐ TeAmMoRe,[OM/1J)OGAH MUNDURR,24.691M,25.131M,87.224M,1.6153M,151.1M,7.0605M,616.72K,2023-09-22 18:57:30.961760
153732106,227,Magic dj,[LP/1)legion of Phoenix,24.639M,26.73M,78.788M,1.0183M,102.82M,6.9207M,233.44K,2023-09-22 18:57:38.963020
145925165,228,ᴼᵐREDveluv,-,24.613M,24.903M,45.589M,354.12K,216M,3.8361M,198.27K,2023-09-22 18:57:46.940760
148509955,229,ᶻᵉMrPlay,[31WS]Whisky & Soda,24.567M,24.567M,15.687M,215.93K,353.26M,1.4031M,37.933K,2023-09-22 18:57:54.884170
151050314,230,The Dark Lion,[31Gp]GOLDEN PHOENIX,24.472M,24.474M,11.496M,116.11K,409.82M,794.65K,1.653K,2023-09-22 18:58:02.809251
153738509,231,xvHADD,[OM/1J)OGAH MUNDURR,24.441M,24.441M,36.288M,675.08K,43.111M,2.7875M,316.95K,2023-09-22 18:58:10.711798
153656948,232,ᵀᴱ NittyXx,[1/TE]Twilight~Errant,24.222M,26.893M,115.93M,2.0635M,672.8M,8.5536M,957.1K,2023-09-22 18:58:18.631689
152989309,233,Naräka,-,24.2M,24.2M,21.312M,117.07K,1,1.7661M,107.56K,2023-09-22 18:58:26.544098
150341664,234,ᴳᵇSatria,[31WS]Whisky & Soda,24.158M,24.158M,23.218M,513.28K,30.011M,1.8358M,160.43K,2023-09-22 18:58:34.439460
148215323,235,ᴼᵐDANI AJAX,[OM/1J)OGAH MUNDURR,24.04M,24.04M,26.377M,923.9K,493.92M,1.8822M,291.5K,2023-09-22 18:58:42.279214
150276906,236,TroKsler,[LP/1)legion of Phoenix,24.006M,24.009M,33.165M,1.4362M,9.123M,2.7363M,161.16K,2023-09-22 18:58:50.158049
146708188,237,ᴼᵐLgi om ah,[OM/1J)OGAH MUNDURR,23.863M,24.79M,61.852M,1.6192M,2.6131B,4.2625M,397.85K,2023-09-22 18:58:58.027290
150728203,238,ᴳᵇ   S,[31WS]Whisky & Soda,23.845M,23.845M,101.04M,2.4941M,267.15M,7.916M,557.05K,2023-09-22 18:59:05.876615
153770877,239,InTheNameOf GOD,[31WS]Whisky & Soda,23.637M,23.637M,3.6438M,212.24K,2.135M,303.95K,11.992K,2023-09-22 18:59:13.745501
145649566,240,ᴼᴹVoldigoad,[JH31] JANDA HUNTER XV,23.573M,23.716M,66.448M,1.8065M,124.4M,4.9102M,682.55K,2023-09-22 18:59:21.569776
151194736,241,ʷˢAmieツ,[4/TE]NAZARIT XXX,23.52M,24.263M,23.181M,1.0054M,296.49M,1.5766M,194.89K,2023-09-22 18:59:29.428795
153286958,242,ᵀᴱCodeZero,[1/TE] Twilight Errant,23.475M,25.973M,47.022M,1.4838M,36.207M,3.5432M,421.89K,2023-09-22 18:59:37.277823
153071678,243,republik askar,[31WS]Whisky & Soda,23.436M,23.436M,13.245M,204.51K,2.2M,904.52K,121.85K,2023-09-22 18:59:45.140941
151169949,244,fab20,[31WS]Whisky & Soda,23.432M,24.223M,8.5628M,1.1795M,2.9295M,690.23K,55.05K,2023-09-22 18:59:52.995284
145860012,245,ᴼᴹOseng17,-,23.315M,23.315M,32.667M,684.93K,125.37M,2.3388M,53.839K,2023-09-22 19:00:00.864998
145963483,246,ᴼᴹNceff,[JH31] JANDA HUNTER XV,23.313M,23.313M,14.724M,356.13K,55.496M,1.1191M,161.83K,2023-09-22 19:00:08.733775
150460053,247,ᴳˢBup,[31WS]Whisky & Soda,23.286M,23.286M,41.11M,483.53K,15.447M,3.1948M,363K,2023-09-22 19:00:16.602407
155475443,248,ᵀᴱNickMori,[1/TE] Twilight Errant,23.236M,23.897M,94.309M,1.302M,32.405M,7.2314M,1.0011M,2023-09-22 19:00:24.447329
153328597,249,ᴼᵐTakgentaR,[OM/1J)OGAH MUNDURR,23.228M,23.228M,55.893M,1.5667M,123.6M,4.3104M,321.54K,2023-09-22 19:00:32.352678
153793259,250,Dazzac,[JH31] JANDA HUNTER XV,23.208M,23.208M,11.009M,677.81K,16.677M,855K,68.359K,2023-09-22 19:00:40.251215
151247178,251,Your Reaper,[31WS]Whisky & Soda,23.194M,23.194M,13.332M,704.72K,21.521M,717.8K,253.86K,2023-09-22 19:00:48.147447
153447456,252,ᴼᴹ AmmureTa,[JH31] JANDA HUNTER XV,23.167M,26.127M,58.965M,1.266M,116.17M,4.6685M,434.9K,2023-09-22 19:00:56.053507
150997974,253,ʷˢMech,[31WS]Whisky & Soda,23.153M,25.251M,23.349M,1.2408M,19.398M,1.8937M,159.56K,2023-09-22 19:01:03.918088
153338750,254,ᵀᴱ Hara 女,[1/TE] Twilight Errant,23.078M,23.081M,138.72M,1.9544M,738.87M,9.991M,421.51K,2023-09-22 19:01:11.798635
90949409,255,destan80,[31WS]Whisky & Soda,23.071M,23.071M,39.289M,554.94K,157.29M,3.2538M,215.3K,2023-09-22 19:01:19.754412
111817019,256,ᴼᵐKizaru,[OM/1J)OGAH MUNDURR,23.067M,23.067M,14.086M,807.37K,10.341M,1.039M,137.83K,2023-09-22 19:01:27.721332
153752352,257,ᴼᵐReeii,[OM/1J)OGAH MUNDURR,23.037M,23.037M,61.902M,1.4205M,467.19M,4.5406M,569.91K,2023-09-22 19:01:35.666360
153853661,258,LanaMiLuMa,[31WS]Whisky & Soda,23.025M,23.027M,15.895M,730.86K,7.583M,1.1436M,84.559K,2023-09-22 19:01:43.698613
153269443,259,SenseiStorm,[1/TE] Twilight Errant,23.015M,23.015M,2.3152M,111.94K,0,104.11K,0,2023-09-22 19:01:51.572685
153574718,260,ᵛᶰVANTHAIBK,[31WS]Whisky & Soda,22.957M,22.961M,7.7331M,402.71K,0,538.54K,113.88K,2023-09-22 19:01:59.470918
150291292,261,ᴳᵇ COLBAK,[31WS]Whisky & Soda,22.833M,23.217M,23.727M,688.8K,56.32M,1.3796M,409.79K,2023-09-22 19:02:07.331876
151217816,262,ᴳᵇDouglas,[31WS]Whisky & Soda,22.84M,22.84M,4.8301M,413.21K,19.221M,294.8K,52.024K,2023-09-22 19:02:15.246745
148598912,263,AJ DARK SAID 12,[31WS]Whisky & Soda,22.759M,24.747M,84.4M,1.5978M,134.92M,6.2609M,761.06K,2023-09-22 19:02:23.121176
153516798,264,ᴼᵐ OGAH AH,[JH31] JANDA HUNTER XV,22.731M,23.339M,190.22M,934.19K,358.92M,13.51M,516.51K,2023-09-22 19:02:30.968240
153730937,265,Reidmar,[LP/1)legion of Phoenix,22.74M,22.74M,7.9463M,259.44K,175.14M,680.54K,15.248K,2023-09-22 19:02:38.804426
147375233,266,ᴸᴴ Put,-,22.72M,27.985M,70.993M,2.1302M,524.93M,5.1572M,839.38K,2023-09-22 19:02:46.691521
145306170,267,ʷˢ戀TÎTI戀,[31WS]Whisky & Soda,22.676M,22.676M,14.84M,1.0284M,220.01M,1.1238M,151.7K,2023-09-22 19:02:54.554696
153663011,268,ᴼᵐ Wannaw,[OM/1J)OGAH MUNDURR,22.621M,22.621M,100.08M,1.2321M,133.6M,8.3251M,639.22K,2023-09-22 19:03:02.440376
153385258,269,ᴼᵐBiuBiu,-,22.554M,23.398M,72.94M,1.2428M,168.25M,5.37M,271.12K,2023-09-22 19:03:10.330169
153244906,270,ᴼᵐTFdonk,[JH31] JANDA HUNTER XV,22.468M,22.468M,58.764M,1.5828M,570.05M,4.1149M,683.53K,2023-09-22 19:03:18.192302
153768166,271,Monkey1976,[JH31] JANDA HUNTER XV,22.306M,22.306M,26.315M,817.4K,41.633M,1.7271M,296.13K,2023-09-22 19:03:26.080215
150297641,272,۞PRᶦMᵃTᵉ,[31WS]Whisky & Soda,22.324M,23.278M,64.556M,1.2524M,5.793M,5.0907M,428.17K,2023-09-22 19:03:33.927211
150321755,273,ʷˢB Mirror,[31WS]Whisky & Soda,22.244M,23.002M,19.636M,938.48K,0,1.5938M,25.274K,2023-09-22 19:03:41.829941
147797358,274,ᴼᴹ kurama,[OM/1J)OGAH MUNDURR,22.056M,22.056M,37.249M,1.1915M,53.834M,2.9247M,301.59K,2023-09-22 19:03:49.710592
147679510,275,Betico91,-,22.05M,22.05M,10.988M,185.67K,7.7038M,920.26K,26.228K,2023-09-22 19:03:57.587457
148917923,276,ᴷᵂFlySly,[31WS]Whisky & Soda,22.039M,22.039M,14.047M,697.35K,44.263M,1.0717M,95.093K,2023-09-22 19:04:05.481933
151202890,277,ʷˢSmatsle,[31WS]Whisky & Soda,21.991M,22.006M,30.795M,729.98K,201.48M,2.3687M,212.51K,2023-09-22 19:04:13.427039
153834601,278,Vabera,[OM/1J)OGAH MUNDURR,21.966M,22.28M,47.659M,834.34K,168.68M,3.5921M,455.17K,2023-09-22 19:04:21.474186
153175442,279,NBNCᴼᴹ,[OM/1J)OGAH MUNDURR,21.962M,23.003M,50.629M,1.8962M,1.2095B,3.121M,231.01K,2023-09-22 19:04:29.472787
153262953,280,ᴼᵐ bocil99,[OM/1J)OGAH MUNDURR,21.906M,22.089M,111.16M,1.3857M,23.924M,8.7818M,1.0491M,2023-09-22 19:04:37.491200
155817788,281,ryba 2,[LP/1)legion of Phoenix,21.849M,21.849M,1.2788M,193.9K,11.968M,89.045K,2.178K,2023-09-22 19:04:45.502221
153737377,282,ᵀᴱ Megatron,[1/TE] Twilight Errant,21.828M,23.765M,30.943M,2.6229M,374.29M,21.8M,1.1856M,2023-09-22 19:04:53.599506
150770758,283,ᴳᵇMiss K,[31WS]Whisky & Soda,21.822M,21.822M,6.3735M,260.68K,11.687M,460.7K,44.419K,2023-09-22 19:05:01.749498
152995682,284,ᵀᴱTrident,[1/TE] Twilight Errant,21.808M,21.808M,64.017M,1.1408M,29.782M,4.9536M,654.41K,2023-09-22 19:05:09.924410
153744766,285,VN 1st,[TE/1]K31 Farm Alliance,21.802M,22.518M,104.41M,228.58K,15.688M,8.498M,592.12K,2023-09-22 19:05:18.154558
153104321,286,ʷˢManchkha,[31WS]Whisky & Soda,21.791M,21.791M,13.891M,618.26K,125.53M,954.82K,60.369K,2023-09-22 19:05:26.261668
153046101,287,ᵀᴱCT乡ROCK,[G~KL] Knight's Lion Heart,21.784M,21.784M,22.575M,160.97K,6.395M,1.6043M,12.37K,2023-09-22 19:05:34.405393
153357164,288,ᴼᵐAkamsi,[JH31] JANDA HUNTER XV,21.763M,21.77M,9.2317M,152.86K,1.517M,649.01K,52.687K,2023-09-22 19:05:42.506013
-1,289,Inactive Player,Inactive Player,0,0,0,0,0,0,0,2023-09-22 19:05:50.613141
153788656,290,Vision VN,[31WS]Whisky & Soda,21.631M,21.643M,16.833M,913.41K,4.8M,1.2481M,162.91K,2023-09-22 19:05:51.984271
151201578,291,Nicossss,[31Gp]GOLDEN PHOENIX,21.524M,21.547M,11.048M,724.13K,8.1256M,724.12K,101.43K,2023-09-22 19:06:00.060468
153798799,292,NTPK,[OM/1J)OGAH MUNDURR,21.517M,24.285M,104.77M,1.2294M,27.658M,8.881M,629.11K,2023-09-22 19:06:08.154088
151138547,293,ʷˢCR0C0,[31WS]Whisky & Soda,21.45M,21.49M,67.055M,1.122M,108.12M,4.979M,438.13K,2023-09-22 19:06:16.333955
153225883,294,ᴼᴹHancuK,[OM/1J)OGAH MUNDURR,21.465M,23.405M,111.32M,1.5088M,3.8878B,7.6354M,333.93K,2023-09-22 19:06:24.435727
149121756,295,ˢˢメ BigCat,[GV31]GLORIOS VICTORY,21.413M,21.413M,23.053M,786.58K,101.03M,1.6333M,131.67K,2023-09-22 19:06:32.591034
150958242,296,ᴳᵇTom,[31WS]Whisky & Soda,21.397M,21.397M,36.768M,840.98K,63.04M,2.8966M,225.81K,2023-09-22 19:06:40.695381
153792235,297,Lilianek,[31Gp]GOLDEN PHOENIX,21.373M,21.391M,12.861M,482.7K,24.414M,749.18K,17.8K,2023-09-22 19:06:48.787811
150261228,298,ᴱᴹ JerichoS,[31WS]Whisky & Soda,21.351M,21.352M,35.945M,116.22K,8.7941M,3.1904M,162.48K,2023-09-22 19:06:56.917338
153734233,299,ᴼᵐviora,-,21.216M,21.216M,2.2615M,67.603K,29.194M,141.3K,26.918K,2023-09-22 19:07:05.010170
147335938,300,ᵀᴱam farm,[GV31]GLORIOS VICTORY,21.205M,21.209M,15.923M,246.23K,2.8609B,1.3356M,0,2023-09-22 19:07:13.106040
